Change ID,Target Table Type,Target Schema,Target Table,Target Column,Target Column Data Type,Stage DB Schema,Stage Table,Stage Column,Landing DB Schema,Landing Source Table,Landing Source Column,Source DB Schema,Source Table,Source Column,Source Data Type,Transformation,Comment,Package Name,Source Query,,,,,,,,,,,,,,,
1,Dimension,Shared_SC,DimCustomer,CustomerSK,BigInt,,,,,,,,,,,,Surrogate key,,,,,,,,,,,,,,,,,
1,Dimension,Shared_SC,DimCustomer,CustomerBK,varchar,OLTP,Customers,customer_id,OLTP,Customers,customer_id,OLTP,Customers,customer_id,varchar,Direct copy,Business key,,,,,,,,,,,,,,,,,
1,Dimension,Shared_SC,DimCustomer,Name,nvarchar(255),OLTP,Customers,name,OLTP,Customers,name,OLTP,Customers,name,varchar,Trim whitespace,,,,,,,,,,,,,,,,,,
1,Dimension,Shared_SC,DimCustomer,Email,nvarchar(255),OLTP,Customers,email,OLTP,Customers,email,OLTP,Customers,email,varchar,Validate format,,,,,,,,,,,,,,,,,,
1,Dimension,Shared_SC,DimCustomer,Phone,nvarchar(50),OLTP,Customers,phone,OLTP,Customers,phone,OLTP,Customers,phone,varchar,,,,,,,,,,,,,,,,,,,
1,Dimension,Shared_SC,DimCustomer,Type,nvarchar(50),OLTP,Customers,type,OLTP,Customers,type,OLTP,Customers,type,varchar,,,,,,,,,,,,,,,,,,,
1,Dimension,Shared_SC,DimCustomer,City,nvarchar(100),OLTP,Customers,city,OLTP,Customers,city,OLTP,Customers,city,varchar,Uppercase,,,,,,,,,,,,,,,,,,
1,Dimension,Shared_SC,DimCustomer,RecordIsLatest,int,,,,,,,Default 1,SCD Type 2,,,,,,,,,,,,,,,,,,,,,
1,Dimension,Shared_SC,DimCustomer,HashCode,nvarchar(255),,,,,,,MD5 hash of attributes,SCD Type 2,,,,,,,,,,,,,,,,,,,,,
1,Dimension,Shared_SC,DimCustomer,EndDate,Date,,,,,,,,SCD Type 2,,,,,,,,,,,,,,,,,,,,,
1,Dimension,Shared_SC,DimCustomer,DWHEntryDate,Date,,,,,,,GETDATE(),Audit,,,,,,,,,,,,,,,,,,,,,
1,Dimension,Shared_SC,DimEmployee,EmployeeSK,BigInt,,,,,,,,,,,,Surrogate key,,,,,,,,,,,,,,,,,
1,Dimension,Shared_SC,DimEmployee,EmployeeBK,varchar,OLTP,Employees,employee_id,OLTP,Employees,employee_id,OLTP,Employees,employee_id,varchar,Direct copy,Business key,,,,,,,,,,,,,,,,,
1,Dimension,Shared_SC,DimEmployee,FirstName,nvarchar(255),OLTP,Employees,first_name,OLTP,Employees,first_name,OLTP,Employees,first_name,varchar,,,,,,,,,,,,,,,,,,,
1,Dimension,Shared_SC,DimEmployee,LastName,nvarchar(255),OLTP,Employees,last_name,OLTP,Employees,last_name,OLTP,Employees,last_name,varchar,,,,,,,,,,,,,,,,,,,
1,Dimension,Shared_SC,DimEmployee,dob,date,OLTP,Employees,dob,OLTP,Employees,dob,OLTP,Employees,dob,int,,,,,,,,,,,,,,,,,,,
1,Dimension,Shared_SC,DimEmployee,Phone,nvarchar(50),OLTP,Employees,phone,OLTP,Employees,phone,OLTP,Employees,phone,varchar,,,,,,,,,,,,,,,,,,,
1,Dimension,Shared_SC,DimEmployee,Role,nvarchar(100),OLTP,Employees,role,OLTP,Employees,role,OLTP,Employees,role,varchar,,,,,,,,,,,,,,,,,,,
1,Dimension,Shared_SC,DimEmployee,WarehouseSK,BigInt,OLTP,Employees,warehouse_id,OLTP,Employees,warehouse_id,OLTP,Employees,warehouse_id,varchar,Lookup DimWarehouse(WarehouseBK),FK to DimWarehouse,,,,,,,,,,,,,,,,,
1,Dimension,Shared_SC,DimEmployee,RecordIsLatest,int,,,,,,,Default 1,SCD Type 2,,,,,,,,,,,,,,,,,,,,,
1,Dimension,Shared_SC,DimEmployee,HashCode,nvarchar(255),,,,,,,MD5 hash of attributes,SCD Type 2,,,,,,,,,,,,,,,,,,,,,
1,Dimension,Shared_SC,DimEmployee,EndDate,Date,,,,,,,,SCD Type 2,,,,,,,,,,,,,,,,,,,,,
1,Dimension,Shared_SC,DimEmployee,DWHEntryDate,Date,,,,,,,GETDATE(),Audit,,,,,,,,,,,,,,,,,,,,,
1,Dimension,Shared_SC,DimWarehouse,WarehouseSK,BigInt,,,,,,,,,,,,Surrogate key,,"SELECT  i.inventory_id AS WarehouseBK, i.name AS Name, i.city AS City, i.warehouse_id AS ParentWarehouseID, w.name AS ParentWarehouseName FROM OLTP.Inventory i LEFT JOIN OLTP.Warehouse w ON i.warehouse_id = w.warehouse_id",,,,,,,,,,,,,,,
1,Dimension,Shared_SC,DimWarehouse,WarehouseBK,varchar,OLTP,Inventories,inventory_id,OLTP,Inventories,inventory_id,OLTP,Inventories,inventory_id,varchar,Direct copy,Business key,,,,,,,,,,,,,,,,,
1,Dimension,Shared_SC,DimWarehouse,ParentWarehouseBK,varchar,OLTP,Warehouse,warehouse_id,OLTP,Warehouse,warehouse_id,OLTP,Warehouse,warehouse_id,varchar,Direct copy,,,,,,,,,,,,,,,,,,
1,Dimension,Shared_SC,DimWarehouse,InventoryName,nvarchar(255),OLTP,Inventories,name,OLTP,Inventories,name,OLTP,Inventories,name,varchar,Direct copy,,,,,,,,,,,,,,,,,,
1,Dimension,Shared_SC,DimWarehouse,ParentWarehouseName,nvarchar(255),OLTP,Warehouse,name,OLTP,Warehouse,name,OLTP,Warehouse,name,varchar,Direct copy,,,,,,,,,,,,,,,,,,
1,Dimension,Shared_SC,DimWarehouse,City,nvarchar(255),OLTP,Warehouse,city,OLTP,Inventories,city,OLTP,Inventories,city,varchar,Direct copy,,,,,,,,,,,,,,,,,,
1,Dimension,Shared_SC,DimWarehouse,RecordIsLatest,int,,,,,,,Default 1,SCD Type 2,,,,,,,,,,,,,,,,,,,,,
1,Dimension,Shared_SC,DimWarehouse,HashCode,nvarchar(255),,,,,,,MD5 hash of attributes,SCD Type 2,,,,,,,,,,,,,,,,,,,,,
1,Dimension,Shared_SC,DimWarehouse,EndDate,Date,,,,,,,,SCD Type 2,,,,,,,,,,,,,,,,,,,,,
1,Dimension,Shared_SC,DimWarehouse,DWHEntryDate,Date,,,,,,,GETDATE(),Audit,,,,,,,,,,,,,,,,,,,,,
1,Dimension,Shared_SC,DimProduct,ProductSK,BigInt,,,,,,,,,,,,Surrogate key,,"SELECT p.ProductSK, p.Product_id as ProductSK,  p.Name AS ProductName, p.Category, p.boxes_quantity,  p.is_cold, p.shelf_life, p.Description, p.cost_price, p.selling_price, s.supplier_id as SupplierBK, s.Name AS SupplierName, s.email AS SupplierEmail,s.phone AS SupplierPhone, s.Country AS SupplierCountry, p.IsLatest, p.hash_code, p.EndDate, p.DWHEntryDateFROM STG_Products pLEFT JOIN STG_suppliers s ON p.Supplier_id = s.supplier_id;",,,,,,,,,,,,,,,
1,Dimension,Shared_SC,DimProduct,ProductBK,varchar,OLTP,Products,product_id,OLTP,Products,product_id,OLTP,Products,product_id,varchar,Direct copy,Business key,,,,,,,,,,,,,,,,,
1,Dimension,Shared_SC,DimProduct,ProductName,nvarchar(255),OLTP,Products,name,OLTP,Products,name,OLTP,Products,name,varchar,,,,,,,,,,,,,,,,,,,
1,Dimension,Shared_SC,DimProduct,Category,nvarchar(50),OLTP,Products,category,OLTP,Products,category,OLTP,Products,category,varchar,,,,,,,,,,,,,,,,,,,
1,Dimension,Shared_SC,DimProduct,BoxQuantity,int,OLTP,Products,box_quantity,OLTP,Products,box_quantity,OLTP,Products,box_quantity,int,,,,,,,,,,,,,,,,,,,
1,Dimension,Shared_SC,DimProduct,IsCold,int,OLTP,Products,is_cold,OLTP,Products,is_cold,OLTP,Products,is_cold,boolean,CAST to int (1/0),,,,,,,,,,,,,,,,,,
1,Dimension,Shared_SC,DimProduct,ShelfLife,int,OLTP,Products,shelf_life,OLTP,Products,shelf_life,OLTP,Products,shelf_life,int,,,,,,,,,,,,,,,,,,,
1,Dimension,Shared_SC,DimProduct,Description,nvarchar(max),OLTP,Products,description,OLTP,Products,description,OLTP,Products,description,varchar,,,,,,,,,,,,,,,,,,,
1,Dimension,Shared_SC,DimProduct,CostPrice,"Decimal(20,10)",OLTP,Products,cost_price,OLTP,Products,cost_price,OLTP,Products,cost_price,int,"CAST to Decimal(20,10)",Currency,,,,,,,,,,,,,,,,,
1,Dimension,Shared_SC,DimProduct,SellingPrice,"Decimal(20,10)",OLTP,Products,selling_price,OLTP,Products,selling_price,OLTP,Products,selling_price,int,"CAST to Decimal(20,10)",Currency,,,,,,,,,,,,,,,,,
1,Dimension,Shared_SC,DimProduct,SupplierBK,varchar,OLTP,Suppliers,supplier_id,OLTP,Suppliers,supplier_id,OLTP,Suppliers,supplier_id,varchar,Direct copy,Business key,,,,,,,,,,,,,,,,,
1,Dimension,Shared_SC,DimProduct,SupplierName,nvarchar(255),OLTP,Suppliers,name,OLTP,Suppliers,name,OLTP,Suppliers,name,varchar,,,,,,,,,,,,,,,,,,,
1,Dimension,Shared_SC,DimProduct,SupplierEmail,nvarchar(255),OLTP,Suppliers,email,OLTP,Suppliers,email,OLTP,Suppliers,email,varchar,,,,,,,,,,,,,,,,,,,
1,Dimension,Shared_SC,DimProduct,SupplirePhone,nvarchar(50),OLTP,Suppliers,phone,OLTP,Suppliers,phone,OLTP,Suppliers,phone,varchar,,,,,,,,,,,,,,,,,,,
1,Dimension,Shared_SC,DimProduct,SupplierCountry,nvarchar(100),OLTP,Suppliers,country,OLTP,Suppliers,country,OLTP,Suppliers,country,varchar,,,,,,,,,,,,,,,,,,,
1,Dimension,Shared_SC,DimProduct,RecordIsLatest,int,,,,,,,Default 1,SCD Type 2,,,,,,,,,,,,,,,,,,,,,
1,Dimension,Shared_SC,DimProduct,HashCode,nvarchar(255),,,,,,,MD5 hash of attributes,SCD Type 2,,,,,,,,,,,,,,,,,,,,,
1,Dimension,Shared_SC,DimProduct,EndDate,Date,,,,,,,,SCD Type 2,,,,,,,,,,,,,,,,,,,,,
1,Dimension,Shared_SC,DimProduct,DWHEntryDate,Date,,,,,,,GETDATE(),Audit,,,,,,,,,,,,,,,,,,,,,
1,Dimension,Shared_SC,DimVehicle,VehicleSK,BigInt,,,,,,,,,,,,Surrogate key,,,,,,,,,,,,,,,,,
1,Dimension,Shared_SC,DimVehicle,VehicleBK,varchar,OLTP,Vehicles,vehicle_id,OLTP,Vehicles,vehicle_id,OLTP,Vehicles,vehicle_id,varchar,Direct copy,Business key,,,,,,,,,,,,,,,,,
1,Dimension,Shared_SC,DimVehicle,Status,nvarchar(50),OLTP,Vehicles,status,OLTP,Vehicles,status,OLTP,Vehicles,status,varchar,,,,,,,,,,,,,,,,,,,
1,Dimension,Shared_SC,DimVehicle,has_cold_chain,int,OLTP,Vehicles,has_cold_chain,OLTP,Vehicles,has_cold_chain,OLTP,Vehicles,has_cold_chain,boolean,CAST to int (1/0),,,,,,,,,,,,,,,,,,
1,Dimension,Shared_SC,DimVehicle,RecordIsLatest,int,,,,,,,Default 1,SCD Type 2,,,,,,,,,,,,,,,,,,,,,
1,Dimension,Shared_SC,DimVehicle,HashCode,nvarchar(255),,,,,,,MD5 hash of attributes,SCD Type 2,,,,,,,,,,,,,,,,,,,,,
1,Dimension,Shared_SC,DimVehicle,EndDate,Date,,,,,,,,SCD Type 2,,,,,,,,,,,,,,,,,,,,,
1,Dimension,Shared_SC,DimVehicle,DWHEntryDate,Date,,,,,,,GETDATE(),Audit,,,,,,,,,,,,,,,,,,,,,
1,Dimension,Shared_SC,DimIncident,IncidentSK,BigInt,,,,,,,,,,,,,,,,,,,,,,,,,,,,,
1,Dimension,Shared_SC,DimIncident,IncidentBK,varchar,OLTP,Incidents,incident_id,OLTP,Incidents,incident_id,OLTP,Incidents,incident_id,varchar,Direct copy,Business key,,,,,,,,,,,,,,,,,
1,Dimension,Shared_SC,DimIncident,IncidentDateSK,BigInt,OLTP,Incidents,Incident_date,OLTP,Incidents,incident_date,OLTP,Incidents,incident_date,date,Lookup DimDate(Date),FK to DimDate,,,,,,,,,,,,,,,,,
1,Dimension,Shared_SC,DimIncident,Reason,Text,OLTP,Incidents,reason,OLTP,Incidents,reason,OLTP,Incidents,reason,text,Direct copy,,,,,,,,,,,,,,,,,,
1,Dimension,Shared_SC,DimIncident,incident_type,varchar,OLTP,Incidents,incident_type,OLTP,Incidents,incident_type,OLTP,Incidents,incident_type,varchar,Direct copy,,,,,,,,,,,,,,,,,,
1,Dimension,Shared_SC,DimDate,DateSK,BigInt,ERP_STG,CalendarDate,DateSk,,,,,,CONVERT(char(8), @CurrentDate, 112),Surrogate key, YYYYMMDD format,,SELECT * FROM [ERP_STG].[dbo].[CalendarDate],,,,,,,,,,,,,,
1,Dimension,Shared_SC,DimDate,Date_Seq,int,ERP_STG,CalendarDate,Date_Seq,,,,,,ROW_NUMBER() OVER (ORDER BY DateSk ASC),Sequence number for dates, assigned by ROW_NUMBER(),,,,,,,,,,,,,,,,,,
1,Dimension,Shared_SC,DimDate,DateNum,int,ERP_STG,CalendarDate,DateNum,,,,,,CONVERT(char(8), @CurrentDate, 112),Date in YYYYMMDD format,,,,,,,,,,,,,,,,,
1,Dimension,Shared_SC,DimDate,Date,Date,ERP_STG,CalendarDate,Date,,,,,,@CurrentDate,Populate full calendar,,,,,,,,,,,,,,,,,,,
1,Dimension,Shared_SC,DimDate,FullDate,char(10),ERP_STG,CalendarDate,FullDate,,,,,,CONVERT(char(10), @CurrentDate, 101),Date in MM-dd-yyyy format,,,,,,,,,,,,,,,,,
1,Dimension,Shared_SC,DimDate,Day,varchar(2),ERP_STG,CalendarDate,Day,,,,,,DATEPART(DD, @CurrentDate),Day number of Month,,,,,,,,,,,,,,,,,,
1,Dimension,Shared_SC,DimDate,DaySuffix,varchar(4),ERP_STG,CalendarDate,DaySuffix,,,,,,CASE WHEN DATEPART(DD, @CurrentDate) IN (11,12,13) THEN CAST(DATEPART(DD, @CurrentDate) AS VARCHAR) + 'th' WHEN RIGHT(DATEPART(DD, @CurrentDate),1) = 1 THEN CAST(DATEPART(DD, @CurrentDate) AS VARCHAR) + 'st' WHEN RIGHT(DATEPART(DD, @CurrentDate),1) = 2 THEN CAST(DATEPART(DD, @CurrentDate) AS VARCHAR) + 'nd' WHEN RIGHT(DATEPART(DD, @CurrentDate),1) = 3 THEN CAST(DATEPART(DD, @CurrentDate) AS VARCHAR) + 'rd' ELSE CAST(DATEPART(DD, @CurrentDate) AS VARCHAR) + 'th' END,Suffix as 1st, 2nd, 3rd, etc.,,
1,Dimension,Shared_SC,DimDate,DayName,varchar(9),ERP_STG,CalendarDate,DayName,,,,,,DATENAME(DW, @CurrentDate),Name of the day, e.g., Sunday, Monday,,,,,,,,,,,,,,,
1,Dimension,Shared_SC,DimDate,DaySeqInWeek,char(1),ERP_STG,CalendarDate,DaySeqInWeek,,,,,,DATEPART(DW, @CurrentDate),First Day Sunday=1 and Saturday=7,,,,,,,,,,,,,,,,,,
1,Dimension,Shared_SC,DimDate,WeekInMonth,varchar(2),ERP_STG,CalendarDate,WeekInMonth,,,,,,MonthCount from @DayOfWeek WHERE DOW = DATEPART(DW, @CurrentDate),1st Monday or 2nd Monday in Month,,,,,,,,,,,,,,,,,,
1,Dimension,Shared_SC,DimDate,WeekInYear,varchar(2),ERP_STG,CalendarDate,WeekInYear,,,,,,YearCount from @DayOfWeek WHERE DOW = DATEPART(DW, @CurrentDate),Week number in Year,,,,,,,,,,,,,,,,,,
1,Dimension,Shared_SC,DimDate,WeekInYearName,varchar(3),ERP_STG,CalendarDate,WeekInYearName,,,,,,'W' + CONVERT(VARCHAR, @WeekInYear),Format W + WeekInYear, e.g., W01,,,,,,,,,,,,,,,,
1,Dimension,Shared_SC,DimDate,WeekInYearDesc,varchar(8),ERP_STG,CalendarDate,WeekInYearDesc,,,,,,'W' + CONVERT(VARCHAR, @WeekInYear) + '-' + CONVERT(VARCHAR, DATEPART(YY, @CurrentDate)),Format W + WeekInYear + - + Year, e.g., W01-2023,,,,,,,,,,,,,,
1,Dimension,Shared_SC,DimDate,WeekInYearNum,varchar(6),ERP_STG,CalendarDate,WeekInYearNum,,,,,,CONVERT(VARCHAR, DATEPART(YY, @CurrentDate)) + RIGHT('0' + CONVERT(VARCHAR, DATEPART(MM, @WeekInYear)), 2),Format YYYYMM, e.g.,202301,,,,,,,,,,,,
1,Dimension,Shared_SC,DimDate,WeekInQuarter,varchar(3),ERP_STG,CalendarDate,WeekInQuarter,,,,,,QuarterCount from @DayOfWeek WHERE DOW = DATEPART(DW, @CurrentDate),Week number in Quarter,,,,,,,,,,,,,,,,,,
1,Dimension,Shared_SC,DimDate,DayOfYear,varchar(3),ERP_STG,CalendarDate,DayOfYear,,,,,,DATEPART(DY, @CurrentDate),Day number in Year,,,,,,,,,,,,,,,,,,
1,Dimension,Shared_SC,DimDate,Month,varchar(2),ERP_STG,CalendarDate,Month,,,,,,DATEPART(MM, @CurrentDate),Number of the Month 1 to 12,,,,,,,,,,,,,,,,,,
1,Dimension,Shared_SC,DimDate,MonthName,varchar(9),ERP_STG,CalendarDate,MonthName,,,,,,DATENAME(MM, @CurrentDate),January, February, etc.,,,,,,,,,,,,,,,,
1,Dimension,Shared_SC,DimDate,MonthOfQuarter,varchar(2),ERP_STG,CalendarDate,MonthOfQuarter,,,,,,CASE WHEN DATEPART(MM, @CurrentDate) IN (1,4,7,10) THEN 1 WHEN DATEPART(MM, @CurrentDate) IN (2,5,8,11) THEN 2 WHEN DATEPART(MM, @CurrentDate) IN (3,6,9,12) THEN 3 END,Month number belongs to Quarter,,,,,,,
1,Dimension,Shared_SC,DimDate,Quarter,char(1),ERP_STG,CalendarDate,Quarter,,,,,,DATEPART(QQ, @CurrentDate),Hierarchy, CEIL(MONTH/3),,,,,,,,,,,,,,,,,
1,Dimension,Shared_SC,DimDate,QuarterName,varchar(9),ERP_STG,CalendarDate,QuarterName,,,,,,CASE DATEPART(QQ, @CurrentDate) WHEN 1 THEN 'Q1' WHEN 2 THEN 'Q2' WHEN 3 THEN 'Q3' WHEN 4 THEN 'Q4' END,First, Second, Q1, Q2, etc.,,,,,,,,,,,,,,
1,Dimension,Shared_SC,DimDate,QuarterYear,varchar(9),ERP_STG,CalendarDate,QuarterYear,,,,,,CASE DATEPART(QQ, @CurrentDate) WHEN 1 THEN 'Q1-' + CONVERT(VARCHAR, DATEPART(YY, @CurrentDate)) WHEN 2 THEN 'Q2-' + CONVERT(VARCHAR, DATEPART(YY, @CurrentDate)) WHEN 3 THEN 'Q3-' + CONVERT(VARCHAR, DATEPART(YY, @CurrentDate)) WHEN 4 THEN 'Q4-' + CONVERT(VARCHAR, DATEPART(YY, @CurrentDate)) END,Format Q + Quarter + - + Year, e.g., Q1-2023,,,,,,,,
1,Dimension,Shared_SC,DimDate,QuarterYearNum,varchar(9),ERP_STG,CalendarDate,QuarterYearNum,,,,,,CASE DATEPART(QQ, @CurrentDate) WHEN 1 THEN CONVERT(VARCHAR, DATEPART(YY, @CurrentDate)) + '01' WHEN 2 THEN CONVERT(VARCHAR, DATEPART(YY, @CurrentDate)) + '02' WHEN 3 THEN CONVERT(VARCHAR, DATEPART(YY, @CurrentDate)) + '03' WHEN 4 THEN CONVERT(VARCHAR, DATEPART(YY, @CurrentDate)) + '04' END,Format YYYY + QuarterNum, e.g.,202301,,,,,,,,
1,Dimension,Shared_SC,DimDate,Year,char(4),ERP_STG,CalendarDate,Year,,,,,,DATEPART(YEAR, @CurrentDate),Year value of Date stored in Row,,,,,,,,,,,,,,,,,,
1,Dimension,Shared_SC,DimDate,MonthYear,char(10),ERP_STG,CalendarDate,MonthYear,,,,,,LEFT(DATENAME(MM, @CurrentDate), 3) + '-' + CONVERT(VARCHAR, DATEPART(YY, @CurrentDate)),Format MMM-YYYY, e.g., Jan-2023,,,,,,,,,,,,,
1,Dimension,Shared_SC,DimDate,MonthYearNUM,char(6),ERP_STG,CalendarDate,MonthYearNUM,,,,,,CONVERT(VARCHAR, DATEPART(YY, @CurrentDate)) + RIGHT('0' + CONVERT(VARCHAR, DATEPART(MM, @CurrentDate)), 2),Format YYYYMM, e.g.,202301,,,,,,,,,,,,
1,Dimension,Shared_SC,DimDate,FirstDayOfMonth,Date,ERP_STG,CalendarDate,FirstDayOfMonth,,,,,,CONVERT(DATETIME, CONVERT(DATE, DATEADD(DD, - (DATEPART(DD, @CurrentDate) - 1), @CurrentDate))),First day of the month,,,,,,,,,,,,,,
1,Dimension,Shared_SC,DimDate,FirstDayOfMonthNUM,int,ERP_STG,CalendarDate,FirstDayOfMonthNUM,,,,,,CONVERT(char(8), CONVERT(DATETIME, CONVERT(DATE, DATEADD(DD, - (DATEPART(DD, @CurrentDate) - 1), @CurrentDate))), 112),First day of the month in YYYYMMDD format,,,,,,,,,,,,
1,Dimension,Shared_SC,DimDate,LastDayOfMonth,Date,ERP_STG,CalendarDate,LastDayOfMonth,,,,,,CONVERT(DATETIME, CONVERT(DATE, DATEADD(DD, - (DATEPART(DD, (DATEADD(MM,1, @CurrentDate)))), DATEADD(MM,1, @CurrentDate)))),Last day of the month,,,,,,,,,,
1,Dimension,Shared_SC,DimDate,LastDayOfMonthNUM,int,ERP_STG,CalendarDate,LastDayOfMonthNUM,,,,,,CONVERT(char(8), CONVERT(DATETIME, CONVERT(DATE, DATEADD(DD, - (DATEPART(DD, (DATEADD(MM,1, @CurrentDate)))), DATEADD(MM,1, @CurrentDate))), 112),Last day of the month in YYYYMMDD format,,,,,,,,
1,Dimension,Shared_SC,DimDate,FirstDayInQuarter,Date,ERP_STG,CalendarDate,FirstDayInQuarter,,,,,,DATEADD(QQ, DATEDIFF(QQ,0, @CurrentDate), 0),First day of the quarter,,,,,,,,,,,,,,,
1,Dimension,Shared_SC,DimDate,FirstDayInQuarterNUM,int,ERP_STG,CalendarDate,FirstDayInQuarterNUM,,,,,,CONVERT(char(8), DATEADD(QQ, DATEDIFF(QQ,0, @CurrentDate), 0), 112),First day of the quarter in YYYYMMDD format,,,,,,,,,,,,,
1,Dimension,Shared_SC,DimDate,LastDayInQuarter,Date,ERP_STG,CalendarDate,LastDayInQuarter,,,,,,DATEADD(QQ, DATEDIFF(QQ,-1, @CurrentDate), -1),Last day of the quarter,,,,,,,,,,,,,,,
1,Dimension,Shared_SC,DimDate,LastDayInQuarterNUM,int,ERP_STG,CalendarDate,LastDayInQuarterNUM,,,,,,CONVERT(char(8), DATEADD(QQ, DATEDIFF(QQ,-1, @CurrentDate), -1), 112),Last day of the quarter in YYYYMMDD format,,,,,,,,,,,,,
1,Dimension,Shared_SC,DimDate,FirstDayInYear,Date,ERP_STG,CalendarDate,FirstDayInYear,,,,,,CONVERT(DATETIME, '01/01/' + CONVERT(VARCHAR, DATEPART(YY, @CurrentDate))),First day of the year,,,,,,,,,,,,,,,,
1,Dimension,Shared_SC,DimDate,FirstDayInYearNUM,int,ERP_STG,CalendarDate,FirstDayInYearNUM,,,,,,CONVERT(char(8), CONVERT(DATETIME, '01/01/' + CONVERT(VARCHAR, DATEPART(YY, @CurrentDate))), 112),First day of the year in YYYYMMDD format,,,,,,,,,,,,,,
1,Dimension,Shared_SC,DimDate,LastDayInYear,Date,ERP_STG,CalendarDate,LastDayInYear,,,,,,CONVERT(DATETIME, '12/31/' + CONVERT(VARCHAR, DATEPART(YY, @CurrentDate))),Last day of the year,,,,,,,,,,,,,,,,
1,Dimension,Shared_SC,DimDate,LastDayInYearNUM,int,ERP_STG,CalendarDate,LastDayInYearNUM,,,,,,CONVERT(char(8), CONVERT(DATETIME, '12/31/' + CONVERT(VARCHAR, DATEPART(YY, @CurrentDate))), 112),Last day of the year in YYYYMMDD format,,,,,,,,,,,,,,
1,Dimension,Shared_SC,DimDate,IsWeekday,bit,ERP_STG,CalendarDate,IsWeekday,,,,,,CASE DATEPART(DW, @CurrentDate) WHEN 1 THEN 1 WHEN 2 THEN 1 WHEN 3 THEN 1 WHEN 4 THEN 1 WHEN 5 THEN 0 WHEN 6 THEN 0 WHEN 7 THEN 1 END,0=Weekend, 1=Weekday,,,,,,,,,,,,,,,,,
1,Dimension,Shared_SC,DimDate,DateHijiri,nvarchar(50),ERP_STG,CalendarDate,DateHijiri,,,,,,FORMAT(@CurrentDate, 'dd MMMM yyyy', 'ar-SA'),Date in Hijri format, e.g., dd MMMM yyyy in ar-SA,,,,,,,,,,,,,,,
1,Dimension,Shared_SC,DimDate,DateHjiriNum,nvarchar(50),ERP_STG,CalendarDate,DateHjiriNum,,,,,,FORMAT(@CurrentDate, 'dd/MM/yyyy', 'ar-SA'),Date in Hijri format, e.g., dd/MM/yyyy in ar-SA,,,,,,,,,,,,,,,
1,Dimension,Shared_SC,DimDate,DateEnglish,nvarchar(50),ERP_STG,CalendarDate,DateEnglish,,,,,,CONVERT(nvarchar(11), @CurrentDate, 13),Date in English format, e.g., DD-MMM-YYYY,,,,,,,,,,,,,,,
1,Dimension,Shared_SC,DimDate,DWHEntryDate,Date,,,,,,,GETDATE(),Audit,,1,Fact,SC_Orders,FactOrders,OrderSK,BigInt,,,,,,,,,,,,Surrogate key,,"SELECT o.order_id AS OrderBK, o.order_date, o.expected_delivery_date, o.actual_delivery_date, o.customer_id, o.employee_id, o.vehicle_id, o.inventory_id AS WarehouseBK, oc.product_id,o.status, o.is_cold_chain, oc.is_cold AS is_cold_product, o.delay_days, o.total_price, o.payment_method, oc.amount, oc.price FROM OLTP.Orders o LEFT JOIN OLTP.Order_Contains oc ON o.order_id = oc.order_id"
1,Dimension,Shared_SC,DimOrderStatus,OrderStatusSK,BigInt,,,,,,,,,,,,Surrogate key,,,,,,,,,,,,,,,,,
1,Dimension,Shared_SC,DimOrderStatus,Status,varchar,OLTP,Orders,status,OLTP,Orders,status,OLTP,Orders,status,varchar,Direct copy,,,,,,,,,,,,,,,,,,
1,Dimension,Shared_SC,DimPaymentMehtod,PaymentMethodSK,BigInt,,,,,,,,,,,,Surrogate key,,,,,,,,,,,,,,,,,
1,Dimension,Shared_SC,DimPaymentMehtod,PaymentMethod,varchar,OLTP,Orders,payment_method,OLTP,Orders,payment_method,OLTP,Orders,payment_method,varchar,Direct copy,,,,,,,,,,,,,,,,,,
1,Dimension,Shared_SC,DimRestockStatus,RestockStatusSK,BigInt,,,,,,,,,,,,Surrogate key,,,,,,,,,,,,,,,,,
1,Dimension,Shared_SC,DimRestockStatus,RestockStatus,varchar,OLTP,Restock_Request,status,OLTP,Restock_Request,status,OLTP,Restock_Request,status,varchar,Direct copy,,,,,,,,,,,,,,,,,,
1,Dimension,Shared_SC,DimStorageLocation,StoredInSK,BigInt,,,,,,,,,,,,Surrogate key,,,,,,,,,,,,,,,,,
1,Dimension,Shared_SC,DimStorageLocation,StoredIn,varchar,OLTP,Stock_Level,stored_in,OLTP,Stock_Level,stored_in,OLTP,Stock_Level,stored_in,varchar,Direct copy,,,,,,,,,,,,,,,,,,
1,Fact,SC_Orders,FactOrders,OrderSK,BigInt,,,,,,,,,,,,Surrogate key,,"SELECT  o.order_id AS OrderBK, o.order_date, o.expected_delivery_date, o.actual_delivery_date, o.customer_id, o.employee_id, o.vehicle_id, o.inventory_id AS WarehouseBK, oc.product_id, o.status, o.is_cold_chain, oc.is_cold AS is_cold_product, o.delay_days, o.total_price, o.payment_method, oc.amount, oc.price
FROM OLTP.Orders o LEFT JOIN OLTP.Order_Contains oc ON o.order_id = oc.order_id",,,,,,,,,,,,,,,
1,Fact,SC_Orders,FactOrders,OrderBK,varchar,OLTP,Orders,order_id,OLTP,Orders,order_id,OLTP,Orders,order_id,varchar,Direct copy,Business key,,,,,,,,,,,,,,,,,
1,Fact,SC_Orders,FactOrders,OrderDateSK,BigInt,OLTP,Orders,order_date,OLTP,Orders,order_date,OLTP,Orders,order_date,date,Lookup DimDate(Date),FK to DimDate,,,,,,,,,,,,,,,,,
1,Fact,SC_Orders,FactOrders,ExpectedDeliveryDateSK,BigInt,OLTP,Orders,expected_delivery_date,OLTP,Orders,expected_delivery_date,OLTP,Orders,expected_delivery_date,date,Lookup DimDate(Date),FK to DimDate,,,,,,,,,,,,,,,,,
1,Fact,SC_Orders,FactOrders,ActualDeliveryDateSK,BigInt,OLTP,Orders,actual_delivery_date,OLTP,Orders,actual_delivery_date,OLTP,Orders,actual_delivery_date,date,Lookup DimDate(Date),FK to DimDate,,,,,,,,,,,,,,,,,
1,Fact,SC_Orders,FactOrders,CustomerSK,BigInt,,,,,,,,,,,Lookup DimCustomer,FK to DimCustomer,,,,,,,,,,,,,,,,,
1,Fact,SC_Orders,FactOrders,EmployeeSK,BigInt,,,,,,,,,,,Lookup DimEmployee,FK to DimEmployee,,,,,,,,,,,,,,,,,
1,Fact,SC_Orders,FactOrders,VehicleSK,BigInt,,,,,,,,,,,Lookup DimVehicle,FK to DimVehicle,,,,,,,,,,,,,,,,,
1,Fact,SC_Orders,FactOrders,WarehouseSK,BigInt,,,,,,,,,,,Lookup DimWarehouse,FK to DimWarehouse,,,,,,,,,,,,,,,,,
1,Fact,SC_Orders,FactOrders,ProductSK,BigInt,,,,,,,,,,,Lookup DimProduct,FK to DimProduct,,,,,,,,,,,,,,,,,
1,Fact,SC_Orders,FactOrders,OrderStatusSK,BigInt,,,,,,,,,,,Lookup DimOrderStatus,FK to DimOrderStatus,,,,,,,,,,,,,,,,,
1,Fact,SC_Orders,FactOrders,IsColdChain,int,OLTP,Orders,is_cold_chain,OLTP,Orders,is_cold_chain,OLTP,Orders,is_cold_chain,boolean,CAST to int (1/0),,,,,,,,,,,,,,,,,,
1,Fact,SC_Orders,FactOrders,IsColdProduct,int,OLTP,Order_Contains,is_cold,OLTP,Order_Contains,is_cold,OLTP,Order_Contains,is_cold,boolean,CAST to int (1/0),From Order_Contains,,,,,,,,,,,,,,,,,
1,Fact,SC_Orders,FactOrders,DelayDays,int,OLTP,Orders,delay_days,OLTP,Orders,delay_days,OLTP,Orders,delay_days,int,,Measure,,,,,,,,,,,,,,,,,
1,Fact,SC_Orders,FactOrders,TotalPrice,"Decimal(20,10)",OLTP,Orders,total_price,OLTP,Orders,total_price,OLTP,Orders,total_price,int,"CAST to Decimal(20,10)",Measure,,,,,,,,,,,,,,,,,
1,Fact,SC_Orders,FactOrders,PaymentMethodSK,BigInt,,,,,,,,,,,Lookup DimPymentMethod,FK to DimPymentMethod,,,,,,,,,,,,,,,,,
1,Fact,SC_Orders,FactOrders,Amount,int,OLTP,Order_Contains,amount,OLTP,Order_Contains,amount,OLTP,Order_Contains,amount,int,,Measure,,,,,,,,,,,,,,,,,
1,Fact,SC_Orders,FactOrders,Price,"Decimal(20,10)",OLTP,Order_Contains,price,OLTP,Order_Contains,price,OLTP,Order_Contains,price,int,"CAST to Decimal(20,10)",Measure,,,,,,,,,,,,,,,,,
1,Fact,SC_Orders,FactOrders,DWHEntryDate,Date,,,,,,,GETDATE(),Audit,,,,,,,,,,,,,,,,,,,,,
1,Fact,SC_Inventory,FactInventoryStock,InventoryStockSK,BigInt,,,,,,,,,,,,Surrogate key,,"SELECT COALESCE(ws.warehouse_id, (SELECT warehouse_id FROM Inventory WHERE inventory_id = is.inventory_id)) AS WarehouseSK, COALESCE(ws.product_id, is.product_id) AS ProductSK, ws.remaining AS WarehouseRemaining, ws.total_received AS TotalReceived, ws.in_warehouse AS InWarehouse, ws.total_expired AS TotalExpired, ws.expired_in_warehouse AS ExpiredInWarehouse,ws.total_sold AS TotalSold,ws.transfered AS Transfered,CAST(ws.sold_revenue AS DECIMAL(20,10)) AS SoldRevenue,CAST(wsloss_from_expired AS DECIMAL(20,10)) AS LossFromExpired,CAST(ws.sold_profit AS DECIMAL(20,10)) AS SoldProfit,CAST(ws.sold_cost AS DECIMAL(20,10)) AS SoldCost,is.quantity AS Quantity,CAST(is.revenue AS DECIMAL(20,10)) AS Revenue,is.sold AS Sold,is.remaining AS InventoryRemaining,is.expired AS Expired
FROM Warehouse_Stock ws FULL OUTER JOIN Inventory_Stock isON ws.warehouse_id = (SELECT warehouse_id FROM Inventory WHERE inventory_id = is.inventory_id) AND ws.product_id = is.product_id",,,,,,,,,,,,,,,
1,Fact,SC_Inventory,FactInventoryStock,WarehouseSK,BigInt,,,,,,,,,,,Lookup DimWarehouse,FK to DimWarehouse,,,,,,,,,,,,,,,,,
1,Fact,SC_Inventory,FactInventoryStock,ProductSK,BigInt,,,,,,,,,,,Lookup DimProduct,FK to DimProduct,,,,,,,,,,,,,,,,,
,,,,,,,,,,,,,,,,,,,,,,,,,,,,,,,,,,
,,,,,,,,,,,,,,,,,,,,,,,,,,,,,,,,,,
1,Fact,SC_Inventory,FactInventoryStock,Remaining,int,OLTP,Warehouse_Stock,remaining,OLTP,Warehouse_Stock,remaining,OLTP,Warehouse_Stock,remaining,int,,Measure,,,,,,,,,,,,,,,,,
1,Fact,SC_Inventory,FactInventoryStock,TotalReceived,int,OLTP,Warehouse_Stock,total_received,OLTP,Warehouse_Stock,total_received,OLTP,Warehouse_Stock,total_received,int,,Measure,,,,,,,,,,,,,,,,,
1,Fact,SC_Inventory,FactInventoryStock,InWarehouse,int,OLTP,Warehouse_Stock,in_warehouse,OLTP,Warehouse_Stock,in_warehouse,OLTP,Warehouse_Stock,in_warehouse,int,,Measure,,,,,,,,,,,,,,,,,
1,Fact,SC_Inventory,FactInventoryStock,TotalExpired,int,OLTP,Warehouse_Stock,total_expired,OLTP,Warehouse_Stock,total_expired,OLTP,Warehouse_Stock,total_expired,int,,Measure,,,,,,,,,,,,,,,,,
1,Fact,SC_Inventory,FactInventoryStock,ExpiredInWarehouse,int,OLTP,Warehouse_Stock,expired_in_warehouse,OLTP,Warehouse_Stock,expired_in_warehouse,OLTP,Warehouse_Stock,expired_in_warehouse,int,,Measure,,,,,,,,,,,,,,,,,
1,Fact,SC_Inventory,FactInventoryStock,TotalSold,int,OLTP,Warehouse_Stock,total_sold,OLTP,Warehouse_Stock,total_sold,OLTP,Warehouse_Stock,total_sold,int,,Measure,,,,,,,,,,,,,,,,,
1,Fact,SC_Inventory,FactInventoryStock,Transfered,int,OLTP,Warehouse_Stock,transfered,OLTP,Warehouse_Stock,transfered,OLTP,Warehouse_Stock,transfered,int,,Measure,,,,,,,,,,,,,,,,,
1,Fact,SC_Inventory,FactInventoryStock,SoldRevenue,"Decimal(20,10)",OLTP,Warehouse_Stock,sold_revenue,OLTP,Warehouse_Stock,sold_revenue,OLTP,Warehouse_Stock,sold_revenue,int,"CAST to Decimal(20,10)",Measure,,,,,,,,,,,,,,,,,
1,Fact,SC_Inventory,FactInventoryStock,LossFromExpired,"Decimal(20,10)",OLTP,Warehouse_Stock,loss_from_expired,OLTP,Warehouse_Stock,loss_from_expired,OLTP,Warehouse_Stock,loss_from_expired,int,"CAST to Decimal(20,10)",Measure,,,,,,,,,,,,,,,,,
1,Fact,SC_Inventory,FactInventoryStock,SoldProfit,"Decimal(20,10)",OLTP,Warehouse_Stock,sold_profit,OLTP,Warehouse_Stock,sold_profit,OLTP,Warehouse_Stock,sold_profit,int,"CAST to Decimal(20,10)",Measure,,,,,,,,,,,,,,,,,
1,Fact,SC_Inventory,FactInventoryStock,SoldCost,"Decimal(20,10)",OLTP,Warehouse_Stock,sold_cost,OLTP,Warehouse_Stock,sold_cost,OLTP,Warehouse_Stock,sold_cost,int,"CAST to Decimal(20,10)",Measure,,,,,,,,,,,,,,,,,
1,Fact,SC_Inventory,FactInventoryStock,Quantity,int,OLTP,Inventory_Stock,quantity,OLTP,Inventory_Stock,quantity,OLTP,Inventory_Stock,quantity,int,,Measure,,,,,,,,,,,,,,,,,
1,Fact,SC_Inventory,FactInventoryStock,Revenue,"Decimal(20,10)",OLTP,Inventory_Stock,revenue,OLTP,Inventory_Stock,revenue,OLTP,Inventory_Stock,revenue,int,"CAST to Decimal(20,10)",Measure,,,,,,,,,,,,,,,,,
1,Fact,SC_Inventory,FactInventoryStock,Sold,int,OLTP,Inventory_Stock,sold,OLTP,Inventory_Stock,sold,OLTP,Inventory_Stock,sold,int,,Measure,,,,,,,,,,,,,,,,,
1,Fact,SC_Inventory,FactInventoryStock,Expired,int,OLTP,Inventory_Stock,expired,OLTP,Inventory_Stock,expired,OLTP,Inventory_Stock,expired,int,,Measure,,,,,,,,,,,,,,,,,
,,,,,,,,,,,,,,,,,,,,,,,,,,,,,,,,,,
,,,,,,,,,,,,,,,,,,,,,,,,,,,,,,,,,,
,,,,,,,,,,,,,,,,,,,,,,,,,,,,,,,,,,
1,Fact,SC_Inventory,FactInventoryStock,DWHEntryDate,Date,,,,,,,GETDATE(),Audit,,,,,,,,,,,,,,,,,,,,,
1,Fact,SC_Procurement,FactRestock,RestockSK,BigInt,,,,,,,,,,,,Surrogate key,,"SELECT  r.restock_id AS RestockBK, r.request_date, r.actual_supplied_date, r.estimated_supply_date, r.supplier_id, r.warehouse_id AS ParentWarehouseID, sl.product_id, r.status, r.delay_days, r.purchase, sl.quantity, sl.batch_number, sl.sold, sl.remaining, sl.stored_in, sl.is_expired FROM OLTP.Restock_Request r LEFT JOIN OLTP.Stock_Level sl ON r.restock_id = sl.restock_id",,,,,,,,,,,,,,,
1,Fact,SC_Procurement,FactRestock,RestockBK,varchar,OLTP,Restock_Request,restock_id,OLTP,Restock_Request,restock_id,OLTP,Restock_Request,restock_id,varchar,Direct copy,Business key,,,,,,,,,,,,,,,,,
1,Fact,SC_Procurement,FactRestock,RequestDateSK,BigInt,OLTP,Restock_Request,request_date,OLTP,Restock_Request,request_date,OLTP,Restock_Request,request_date,date,Lookup DimDate(Date),FK to DimDate,,,,,,,,,,,,,,,,,
1,Fact,SC_Procurement,FactRestock,ActualSuppliedDateSK,BigInt,OLTP,Restock_Request,actual_supplied_date,OLTP,Restock_Request,actual_supplied_date,OLTP,Restock_Request,actual_supplied_date,date,Lookup DimDate(Date),FK to DimDate,,,,,,,,,,,,,,,,,
1,Fact,SC_Procurement,FactRestock,EstimatedSupplyDateSK,BigInt,OLTP,Restock_Request,estimated_supply_date,OLTP,Restock_Request,estimated_supply_date,OLTP,Restock_Request,estimated_supply_date,date,Lookup DimDate(Date),FK to DimDate,,,,,,,,,,,,,,,,,
1,Fact,SC_Procurement,FactRestock,SupplierSK,BigInt,,,,,,,,,,,Lookup DimSupplier,FK to DimSupplier,,,,,,,,,,,,,,,,,
1,Fact,SC_Procurement,FactRestock,WarehouseSK,BigInt,,,,,,,,,,,Lookup DimWarehouse,FK to DimWarehouse,,,,,,,,,,,,,,,,,
1,Fact,SC_Procurement,FactRestock,ProductSK,BigInt,,,,,,,,,,,Lookup DimProduct,FK to DimProduct,,,,,,,,,,,,,,,,,
1,Fact,SC_Procurement,FactRestock,RequestStatus,BigInt,,,,,,,,,,,Lookup DimRestockStatus,FK to DimRestockStatus,,,,,,,,,,,,,,,,,
1,Fact,SC_Procurement,FactRestock,DelayDays,int,OLTP,Restock_Request,delay_days,OLTP,Restock_Request,delay_days,OLTP,Restock_Request,delay_days,int,,Measure,,,,,,,,,,,,,,,,,
1,Fact,SC_Procurement,FactRestock,Purchase,"Decimal(20,10)",OLTP,Restock_Request,purchase,OLTP,Restock_Request,purchase,OLTP,Restock_Request,purchase,int,"CAST to Decimal(20,10)",Measure,,,,,,,,,,,,,,,,,
1,Fact,SC_Procurement,FactRestock,Quantity,int,OLTP,Stock_Level,quantity,OLTP,Stock_Level,quantity,OLTP,Stock_Level,quantity,int,,Measure,,,,,,,,,,,,,,,,,
1,Fact,SC_Procurement,FactRestock,BatchNumber,varchar,OLTP,Stock_Level,batch_number,OLTP,Stock_Level,batch_number,OLTP,Stock_Level,batch_number,varchar,Direct copy,From Stock_Level,,,,,,,,,,,,,,,,,
1,Fact,SC_Procurement,FactRestock,Sold,int,OLTP,Stock_Level,sold,OLTP,Stock_Level,sold,OLTP,Stock_Level,sold,int,,"Measure, From Stock_Level",,,,,,,,,,,,,,,,,
1,Fact,SC_Procurement,FactRestock,Remaining,int,OLTP,Stock_Level,remaining,OLTP,Stock_Level,remaining,OLTP,Stock_Level,remaining,int,,"Measure, From Stock_Level",,,,,,,,,,,,,,,,,
1,Fact,SC_Procurement,FactRestock,StoredIn,BigInt,,,,,,,,,,,Lookup DimStorageLocation,FK to DimStorageLocation,,,,,,,,,,,,,,,,,
1,Fact,SC_Procurement,FactRestock,IsExpired,int,OLTP,Stock_Level,is_expired,OLTP,Stock_Level,is_expired,OLTP,Stock_Level,is_expired,boolean,CAST to int (1/0),From Stock_Level,,,,,,,,,,,,,,,,,
1,Fact,SC_Procurement,FactRestock,DWHEntryDate,Date,,,,,,,GETDATE(),Audit,,,,,,,,,,,,,,,,,,,,,
